itsp_10_171,nist_800_171_r3,family,title,cpcsc_level_1
03.01.01,03.01.01,Access Control,Account management,yes
03.01.02,03.01.02,Access Control,Access enforcement,yes
03.01.03,03.01.03,Access Control,Information flow enforcement,
03.01.04,03.01.04,Access Control,Separation of duties,
03.01.05,03.01.05,Access Control,Least privilege,
03.01.06,03.01.06,Access Control,Least privilege (privileged accounts),
03.01.07,03.01.07,Access Control,Least privilege (privileged functions),
03.01.08,03.01.08,Access Control,Unsuccessful logon attempts,
03.01.09,03.01.09,Access Control,System use notification,
03.01.10,03.01.10,Access Control,Device lock,
03.01.11,03.01.11,Access Control,Session termination,
03.01.12,03.01.12,Access Control,Remote access,
03.01.16,03.01.16,Access Control,Wireless access,
03.01.18,03.01.18,Access Control,Access control for mobile devices,
03.01.20,03.01.20,Access Control,Use of external systems,yes
03.01.22,03.01.22,Access Control,Publicly accessible content,yes
03.02.01,03.02.01,Awareness and Training,Literacy training and awareness,
03.02.02,03.02.02,Awareness and Training,Role-based training,
03.03.01,03.03.01,Audit and Accountability,Event logging,
03.03.02,03.03.02,Audit and Accountability,Audit record content,
03.03.03,03.03.03,Audit and Accountability,Audit record generation,
03.03.04,03.03.04,Audit and Accountability,Response to audit logging process failures,
03.03.05,03.03.05,Audit and Accountability,"Audit record review, analysis, and reporting",
03.03.06,03.03.06,Audit and Accountability,Audit record reduction and report generation,
03.03.07,03.03.07,Audit and Accountability,Time stamps,
03.03.08,03.03.08,Audit and Accountability,Protection of audit information,
03.04.01,03.04.01,Configuration Management,Baseline configuration,
03.04.02,03.04.02,Configuration Management,Configuration settings,
03.04.03,03.04.03,Configuration Management,Configuration change control,
03.04.04,03.04.04,Configuration Management,Impact analyses,
03.04.05,03.04.05,Configuration Management,Access restrictions for change,
03.04.06,03.04.06,Configuration Management,Least functionality,
03.04.08,03.04.08,Configuration Management,Authorized software (allow by exception),
03.04.10,03.04.10,Configuration Management,System component inventory,
03.04.11,03.04.11,Configuration Management,Information location,
03.04.12,03.04.12,Configuration Management,System and component configuration for high-risk areas,
03.05.01,03.05.01,Identification and Authentication,"User identification, authentication, and re-authentication",yes
03.05.02,03.05.02,Identification and Authentication,Device identification and authentication,yes
03.05.03,03.05.03,Identification and Authentication,Multi-factor authentication,yes
03.05.04,03.05.04,Identification and Authentication,Replay-resistant authentication,
03.05.05,03.05.05,Identification and Authentication,Identifier management,
03.05.07,03.05.07,Identification and Authentication,Password management,
03.05.11,03.05.11,Identification and Authentication,Authentication feedback,
03.05.12,03.05.12,Identification and Authentication,Authenticator management,
03.06.01,03.06.01,Incident Response,Incident handling,
03.06.02,03.06.02,Incident Response,"Incident monitoring, reporting, and response assistance",
03.06.03,03.06.03,Incident Response,Incident response testing,
03.06.04,03.06.04,Incident Response,Incident response training,
03.06.05,03.06.05,Incident Response,Incident response plan,
03.07.04,03.07.04,Maintenance,Maintenance tools,
03.07.05,03.07.05,Maintenance,Non-local maintenance,
03.07.06,03.07.06,Maintenance,Maintenance personnel,
03.08.01,03.08.01,Media Protection,Media storage,
03.08.02,03.08.02,Media Protection,Media access,
03.08.03,03.08.03,Media Protection,Media sanitization,yes
03.08.04,03.08.04,Media Protection,Media marking,
03.08.05,03.08.05,Media Protection,Media transport,
03.08.07,03.08.07,Media Protection,Media use,
03.08.09,03.08.09,Media Protection,System backup (cryptographic protection),
03.09.01,03.09.01,Personnel Security,Personnel screening,
03.09.02,03.09.02,Personnel Security,Personnel termination and transfer,
03.10.01,03.10.01,Physical Protection,Physical access authorizations,yes
03.10.02,03.10.02,Physical Protection,Monitoring physical access,
03.10.06,03.10.06,Physical Protection,Alternate work site,
03.10.07,03.10.07,Physical Protection,Physical access control,yes
03.10.08,03.10.08,Physical Protection,Access control for transmission,
03.11.01,03.11.01,Risk Assessment,Risk assessment,
03.11.02,03.11.02,Risk Assessment,Vulnerability monitoring and scanning,
03.11.04,03.11.04,Risk Assessment,Risk response,
03.12.01,03.12.01,Security Assessment and Monitoring,Security assessment,
03.12.02,03.12.02,Security Assessment and Monitoring,Plan of action and milestones,
03.12.03,03.12.03,Security Assessment and Monitoring,Continuous monitoring,
03.12.05,03.12.05,Security Assessment and Monitoring,Information exchange,
03.13.01,03.13.01,System and Communications Protection,Boundary protection,yes
03.13.04,03.13.04,System and Communications Protection,Information in shared system resources,
03.13.06,03.13.06,System and Communications Protection,"Network communications, deny by default, allow by exception",
03.13.08,03.13.08,System and Communications Protection,Transmission and storage confidentiality,
03.13.09,03.13.09,System and Communications Protection,Network disconnect,
03.13.10,03.13.10,System and Communications Protection,Cryptographic key establishment and management,
03.13.11,03.13.11,System and Communications Protection,Cryptographic protection,
03.13.12,03.13.12,System and Communications Protection,Collaborative computing devices and applications,
03.13.13,03.13.13,System and Communications Protection,Mobile code,
03.13.15,03.13.15,System and Communications Protection,Session authenticity,
03.14.01,03.14.01,System and Information Integrity,Flaw remediation,yes
03.14.02,03.14.02,System and Information Integrity,Malicious code protection,yes
03.14.03,03.14.03,System and Information Integrity,"Security alerts, advisories, and directives",
03.14.06,03.14.06,System and Information Integrity,System monitoring,
03.14.08,03.14.08,System and Information Integrity,Information management and retention,
03.14.09,,System and Information Integrity,Dedicated administration workstation,
03.15.01,03.15.01,Planning,Policy and procedures,
03.15.02,03.15.02,Planning,System security plan,
03.15.03,03.15.03,Planning,Rules of behaviour,
03.16.01,03.16.01,System and Services Acquisition,Security engineering principles,
03.16.02,03.16.02,System and Services Acquisition,Unsupported system components,
03.16.03,03.16.03,System and Services Acquisition,External system services,
03.17.01,03.17.01,Supply Chain Risk Management,Supply chain risk management plan,
03.17.02,03.17.02,Supply Chain Risk Management,"Acquisition strategies, tools, and methods",
03.17.03,03.17.03,Supply Chain Risk Management,Supply chain requirements and processes,
