itsp_10_171,nist_800_171_r3,title,nist_800_171_r2,cmmc_level_1,cmmc_level_1_requirement,evidence
03.01.01,03.01.01,Account management,3.1.1,FAR b.1.i,Limit system access to authorized users,Account list with owners; disable and review dates
03.01.02,03.01.02,Access enforcement,3.1.2,FAR b.1.ii,Limit access to permitted transactions and functions,Group permissions on Specified Information shares; screenshots
03.01.20,03.01.20,Use of external systems,3.1.20,FAR b.1.iii,Verify and control connections to external systems,Policy on personal and external systems; agreements
03.01.22,03.01.22,Publicly accessible content,3.1.22,FAR b.1.iv,Control information posted publicly,Review record for website and social posts
03.05.01,03.05.01,"User identification, authentication, and re-authentication","3.5.1, 3.5.2","FAR b.1.v, b.1.vi",Identify and authenticate users,Unique user IDs; no shared logins; re-authentication settings
03.05.02,03.05.02,Device identification and authentication,"3.5.1, 3.5.2","FAR b.1.v, b.1.vi",Identify and authenticate devices,Device inventory; 802.1X or equivalent where used
03.05.03,03.05.03,Multi-factor authentication,3.5.3,"Not in Level 1 (CMMC Level 2, IA.L2-3.5.3)",No CMMC Level 1 equivalent,MFA policy and enrolment report covering every account
03.08.03,03.08.03,Media sanitization,3.8.3,FAR b.1.vii,Sanitize or destroy media before disposal or reuse,Sanitization and destruction log with method
03.10.01,03.10.01,Physical access authorizations,3.10.1,FAR b.1.viii,Limit physical access to authorized individuals,Approved access list; review dates
03.10.07,03.10.07,Physical access control,"3.10.3, 3.10.4, 3.10.5",FAR b.1.ix,"Escort visitors, keep physical access logs, control access devices","Door control, visitor log, key and card control, output devices"
03.13.01,03.13.01,Boundary protection,"3.13.1, 3.13.5","FAR b.1.x, b.1.xi",Monitor and control communications at boundaries; separate public components,Firewall rule set; managed interfaces; segmentation diagram
03.14.01,03.14.01,Flaw remediation,3.14.1,FAR b.1.xii,"Identify, report, and correct flaws in a timely manner",Patch windows defined; patch reports
03.14.02,03.14.02,Malicious code protection,"3.14.2, 3.14.4, 3.14.5","FAR b.1.xiii, b.1.xiv, b.1.xv","Malicious code protection, kept updated, with periodic and real-time scans","Endpoint console showing current, scanning, blocking"
