itsp_10_171,family,title,cpcsc_level_1,status,owner,organization_defined_values,evidence_link,target_date,notes
03.01.01,Access Control,Account management,yes,not started,,,,,
03.01.02,Access Control,Access enforcement,yes,not started,,,,,
03.01.03,Access Control,Information flow enforcement,,not started,,,,,
03.01.04,Access Control,Separation of duties,,not started,,,,,
03.01.05,Access Control,Least privilege,,not started,,,,,
03.01.06,Access Control,Least privilege (privileged accounts),,not started,,,,,
03.01.07,Access Control,Least privilege (privileged functions),,not started,,,,,
03.01.08,Access Control,Unsuccessful logon attempts,,not started,,,,,
03.01.09,Access Control,System use notification,,not started,,,,,
03.01.10,Access Control,Device lock,,not started,,,,,
03.01.11,Access Control,Session termination,,not started,,,,,
03.01.12,Access Control,Remote access,,not started,,,,,
03.01.16,Access Control,Wireless access,,not started,,,,,
03.01.18,Access Control,Access control for mobile devices,,not started,,,,,
03.01.20,Access Control,Use of external systems,yes,not started,,,,,
03.01.22,Access Control,Publicly accessible content,yes,not started,,,,,
03.02.01,Awareness and Training,Literacy training and awareness,,not started,,,,,
03.02.02,Awareness and Training,Role-based training,,not started,,,,,
03.03.01,Audit and Accountability,Event logging,,not started,,,,,
03.03.02,Audit and Accountability,Audit record content,,not started,,,,,
03.03.03,Audit and Accountability,Audit record generation,,not started,,,,,
03.03.04,Audit and Accountability,Response to audit logging process failures,,not started,,,,,
03.03.05,Audit and Accountability,"Audit record review, analysis, and reporting",,not started,,,,,
03.03.06,Audit and Accountability,Audit record reduction and report generation,,not started,,,,,
03.03.07,Audit and Accountability,Time stamps,,not started,,,,,
03.03.08,Audit and Accountability,Protection of audit information,,not started,,,,,
03.04.01,Configuration Management,Baseline configuration,,not started,,,,,
03.04.02,Configuration Management,Configuration settings,,not started,,,,,
03.04.03,Configuration Management,Configuration change control,,not started,,,,,
03.04.04,Configuration Management,Impact analyses,,not started,,,,,
03.04.05,Configuration Management,Access restrictions for change,,not started,,,,,
03.04.06,Configuration Management,Least functionality,,not started,,,,,
03.04.08,Configuration Management,Authorized software (allow by exception),,not started,,,,,
03.04.10,Configuration Management,System component inventory,,not started,,,,,
03.04.11,Configuration Management,Information location,,not started,,,,,
03.04.12,Configuration Management,System and component configuration for high-risk areas,,not started,,,,,
03.05.01,Identification and Authentication,"User identification, authentication, and re-authentication",yes,not started,,,,,
03.05.02,Identification and Authentication,Device identification and authentication,yes,not started,,,,,
03.05.03,Identification and Authentication,Multi-factor authentication,yes,not started,,,,,
03.05.04,Identification and Authentication,Replay-resistant authentication,,not started,,,,,
03.05.05,Identification and Authentication,Identifier management,,not started,,,,,
03.05.07,Identification and Authentication,Password management,,not started,,,,,
03.05.11,Identification and Authentication,Authentication feedback,,not started,,,,,
03.05.12,Identification and Authentication,Authenticator management,,not started,,,,,
03.06.01,Incident Response,Incident handling,,not started,,,,,
03.06.02,Incident Response,"Incident monitoring, reporting, and response assistance",,not started,,,,,
03.06.03,Incident Response,Incident response testing,,not started,,,,,
03.06.04,Incident Response,Incident response training,,not started,,,,,
03.06.05,Incident Response,Incident response plan,,not started,,,,,
03.07.04,Maintenance,Maintenance tools,,not started,,,,,
03.07.05,Maintenance,Non-local maintenance,,not started,,,,,
03.07.06,Maintenance,Maintenance personnel,,not started,,,,,
03.08.01,Media Protection,Media storage,,not started,,,,,
03.08.02,Media Protection,Media access,,not started,,,,,
03.08.03,Media Protection,Media sanitization,yes,not started,,,,,
03.08.04,Media Protection,Media marking,,not started,,,,,
03.08.05,Media Protection,Media transport,,not started,,,,,
03.08.07,Media Protection,Media use,,not started,,,,,
03.08.09,Media Protection,System backup (cryptographic protection),,not started,,,,,
03.09.01,Personnel Security,Personnel screening,,not started,,,,,
03.09.02,Personnel Security,Personnel termination and transfer,,not started,,,,,
03.10.01,Physical Protection,Physical access authorizations,yes,not started,,,,,
03.10.02,Physical Protection,Monitoring physical access,,not started,,,,,
03.10.06,Physical Protection,Alternate work site,,not started,,,,,
03.10.07,Physical Protection,Physical access control,yes,not started,,,,,
03.10.08,Physical Protection,Access control for transmission,,not started,,,,,
03.11.01,Risk Assessment,Risk assessment,,not started,,,,,
03.11.02,Risk Assessment,Vulnerability monitoring and scanning,,not started,,,,,
03.11.04,Risk Assessment,Risk response,,not started,,,,,
03.12.01,Security Assessment and Monitoring,Security assessment,,not started,,,,,
03.12.02,Security Assessment and Monitoring,Plan of action and milestones,,not started,,,,,
03.12.03,Security Assessment and Monitoring,Continuous monitoring,,not started,,,,,
03.12.05,Security Assessment and Monitoring,Information exchange,,not started,,,,,
03.13.01,System and Communications Protection,Boundary protection,yes,not started,,,,,
03.13.04,System and Communications Protection,Information in shared system resources,,not started,,,,,
03.13.06,System and Communications Protection,"Network communications, deny by default, allow by exception",,not started,,,,,
03.13.08,System and Communications Protection,Transmission and storage confidentiality,,not started,,,,,
03.13.09,System and Communications Protection,Network disconnect,,not started,,,,,
03.13.10,System and Communications Protection,Cryptographic key establishment and management,,not started,,,,,
03.13.11,System and Communications Protection,Cryptographic protection,,not started,,,,,
03.13.12,System and Communications Protection,Collaborative computing devices and applications,,not started,,,,,
03.13.13,System and Communications Protection,Mobile code,,not started,,,,,
03.13.15,System and Communications Protection,Session authenticity,,not started,,,,,
03.14.01,System and Information Integrity,Flaw remediation,yes,not started,,,,,
03.14.02,System and Information Integrity,Malicious code protection,yes,not started,,,,,
03.14.03,System and Information Integrity,"Security alerts, advisories, and directives",,not started,,,,,
03.14.06,System and Information Integrity,System monitoring,,not started,,,,,
03.14.08,System and Information Integrity,Information management and retention,,not started,,,,,
03.14.09,System and Information Integrity,Dedicated administration workstation,,not started,,,,,
03.15.01,Planning,Policy and procedures,,not started,,,,,
03.15.02,Planning,System security plan,,not started,,,,,
03.15.03,Planning,Rules of behaviour,,not started,,,,,
03.16.01,System and Services Acquisition,Security engineering principles,,not started,,,,,
03.16.02,System and Services Acquisition,Unsupported system components,,not started,,,,,
03.16.03,System and Services Acquisition,External system services,,not started,,,,,
03.17.01,Supply Chain Risk Management,Supply chain risk management plan,,not started,,,,,
03.17.02,Supply Chain Risk Management,"Acquisition strategies, tools, and methods",,not started,,,,,
03.17.03,Supply Chain Risk Management,Supply chain requirements and processes,,not started,,,,,
